"var","conc.p","conc.r2","flux.p","flux.r2","bird.p","bird.r2","tree.p","tree.r2"
"TMEAN","0.005","0.165544371985294","0.458","0.0265179245756152","0.19","0.0373867810210369","0.222","0.0269839129349216"
"PRCP","0.152","0.0617648344565865","0.25","0.0462667264410653","0.332","0.0225325633593704","0.023","0.0659062043170816"
"pH","0.001","0.524808932845836","0.011","0.15420202389617","0.004","0.148902492751168","0.001","0.320192603914788"
"totN","0.001","0.34605054627779","0.003","0.174611899254787","0.004","0.12785336508588","0.002","0.115282537854042"
